Nombre,Telefono,Direccion,Correo,Metros Cuadrados Propiedad,Valor Propiedad,Valor de Venta
Dominic C. French,55-4990-3219,Apdo.:918-608 Commodo Ctra.,et@arcuVivamus.org,225,11765.1,13529.865
Benedict Reilly,55-0833-3933,"Apartado núm.: 673, 8896 Tristique Avda.",sem.Pellentesque.ut@convallis.co.uk,140,5552.76,6385.674
Kylan I. Farley,55-1688-3760,681-4494 Netus Carretera,eu.erat@ipsumCurabitur.edu,696,12563.55,14448.0825
Nissim M. Burke,55-9996-8552,"6517 Sem, Carretera",scelerisque@afacilisisnon.com,320,10562.28,12146.622
Honorato Hodges,55-0401-5357,826-7422 Semper Ctra.,arcu.imperdiet@sempererat.org,846,7786.19,8954.1185
Plato Murphy,55-4970-9463,637-6478 Nam ,felis.Nulla@Integer.com,502,9905.99,11391.8885
Brady D. Bender,55-1129-6442,"Apartado núm.: 340, 5407 Sed C.",ac@quisurnaNunc.org,870,3362.08,3866.392
Lila T. Davidson,55-2814-6162,Apdo.:243-978 Consectetuer ,eu@lectus.co.uk,158,5833.69,6708.7435
Mariko Morin,55-7203-1632,Apdo.:971-3740 Dolor Ctra.,adipiscing@fringillaeuismod.com,314,8589.78,9878.247
Jameson Mcintyre,55-6064-5439,"1353 Ut, C/",facilisis@enim.org,428,18144.18,20865.807
Laith J. Avery,55-7176-9483,Apdo.:840-5102 Magna ,purus.Duis@magnaSedeu.ca,784,2530.36,2909.914
Guy C. Dominguez,55-8115-4674,4333 Ante. Avenida,tempus.eu@acmattisornare.org,161,10515.81,12093.1815
Maggie I. Sellers,55-0070-1420,"Apartado núm.: 653, 9846 Vitae, Carretera",sociis.natoque@magnaLorem.co.uk,712,6555.69,7539.0435
Louis U. Walsh,55-9312-4807,"5334 Et, C.",eu@eumetusIn.com,521,4894.77,5628.9855
Kirby V. Buckley,55-2925-3713,"Apartado núm.: 684, 2941 Vel, Ctra.",convallis.convallis@Aliquamultrices.edu,722,5557.77,6391.4355
Shaeleigh Brady,55-5613-6275,1606 Aliquam Avda.,nulla.Cras.eu@pretiumaliquetmetus.com,181,8407.18,9668.257
Herrod Sandoval,55-3228-7099,"Apartado núm.: 915, 4789 Nec C/",id.risus@consequat.org,794,11269.2,12959.58
Kenneth Puckett,55-6860-2116,"Apartado núm.: 973, 6866 Est Ctra.",ullamcorper.Duis@Duis.org,219,16097.81,18512.4815
Ishmael Garrett,55-8455-5082,"Apartado núm.: 992, 9624 Orci, Avenida",enim.Etiam@risusNullaeget.net,312,18887.95,21721.1425
Simon V. Reed,55-2365-7535,4008 Nam Carretera,Sed@loremsitamet.com,781,17469.34,20089.741
Amber K. Erickson,55-8371-2921,"Apdo.:743-2581 Ac, Carretera",Nullam.scelerisque.neque@purusDuis.net,394,5813.5,6685.525
Galvin Drake,55-1181-9530,942 Eget Av.,augue@aliquet.net,754,1999.7,2299.655
Keegan Moon,55-1361-1424,9988 Nulla. Avenida,auctor.nunc@inconsectetuer.co.uk,567,1048.17,1205.3955
Scarlet D. Holland,55-1490-2280,"Apartado núm.: 326, 3954 Dignissim Calle",eu.enim@Inscelerisque.edu,246,8704.29,10009.9335
Laith Cross,55-5198-4112,"Apartado núm.: 334, 3066 Nunc ",ante.iaculis.nec@nonenimMauris.ca,672,5592.09,6430.9035
Richard Nelson,55-0406-2303,Apdo.:820-7751 Vel Av.,dapibus.ligula.Aliquam@Vivamus.com,599,17934.83,20625.0545
Jennifer C. Hughes,55-5573-3302,7273 Egestas. Avenida,lacinia@velquamdignissim.edu,767,19329.71,22229.1665
Brielle Mccoy,55-2475-8968,Apdo.:598-9887 Non C.,mi@nascetur.net,89,7429.49,8543.9135
Kaitlin P. Henson,55-1845-4322,124-9206 Lacus ,nisi.Aenean@nisiMaurisnulla.edu,176,10712.97,12319.9155
Garrison Ewing,55-1132-6096,Apdo.:865-4759 Eu Carretera,Donec@nonnisiAenean.net,752,2802.95,3223.3925
Tyler U. Floyd,55-4862-0331,5175 Pede. C/,fringilla.porttitor@magna.org,142,14818.9,17041.735
Rose Armstrong,55-4691-8793,"Apartado núm.: 633, 6569 Orci. Carretera",lorem.ut@ipsum.ca,945,6472.95,7443.8925
Isabelle Davenport,55-4955-1997,Apdo.:985-654 Nullam Av.,ultrices.sit.amet@duiCum.ca,730,11302.92,12998.358
Iola X. Conrad,55-2905-7486,7981 Mi C.,scelerisque.dui.Suspendisse@porttitorinterdum.ca,83,16762.88,19277.312
Imani A. Williamson,55-5121-2952,Apdo.:328-7884 Sollicitudin Avenida,est@commodoipsumSuspendisse.co.uk,475,10051.36,11559.064
Rebecca Velez,55-0669-3822,"Apartado núm.: 140, 1560 Ante ",ipsum.Curabitur@nisi.net,93,1275.12,1466.388
Libby G. Barrera,55-8361-2473,5694 Ut C/,Donec.nibh.Quisque@fermentumconvallisligula.net,831,7079.37,8141.2755
Nathaniel Solomon,55-4154-7918,"Apartado núm.: 751, 6804 Neque. C.",metus@malesuadaaugue.org,165,7616.83,8759.3545
Hedy Higgins,55-7392-7669,6728 Sed Avenida,nulla.Integer.urna@Duiscursus.net,449,1580.95,1818.0925
Jaden Morrison,55-4100-5303,489-2903 Nunc Ctra.,magna@vulputateposuerevulputate.ca,969,2170.52,2496.098
Marny Albert,55-9137-8318,"Apartado núm.: 332, 637 Turpis Av.",aliquam@adipiscingfringillaporttitor.ca,72,2922.14,3360.461
Neil N. Kim,55-3370-8979,230-3927 Auctor Avda.,neque.Morbi@auctorquis.com,699,18488.61,21261.9015
Josiah R. Pugh,55-2622-6521,"Apartado núm.: 713, 6222 Vitae Ctra.",a.tortor.Nunc@neque.net,463,18050.51,20758.0865
Sybill Gardner,55-3210-6804,4202 Aptent ,nec.urna.et@interdum.org,722,4291.02,4934.673
Phoebe Everett,55-6251-6345,Apdo.:371-4715 Parturient C/,Quisque.tincidunt@Suspendisse.net,949,3719.39,4277.2985
Celeste Castro,55-4624-9741,201-8671 Quisque Avenida,Donec.fringilla@DuisgravidaPraesent.net,761,1106.77,1272.7855
Chava Underwood,55-4067-5009,195-6578 Nibh Calle,dictum.augue.malesuada@acmetusvitae.net,555,13076.94,15038.481
Leah Graves,55-1823-9882,3465 Ultrices Avenida,felis.adipiscing@Crasloremlorem.org,245,11835.92,13611.308
Omar S. Sellers,55-1446-3428,Apdo.:336-5166 A Avenida,lobortis.Class.aptent@scelerisque.ca,735,19560.74,22494.851
Bert Benton,55-8536-3287,542-1125 Sagittis. C.,natoque@liberoMorbi.edu,497,1191.42,1370.133
Reese Hahn,55-2441-4870,Apdo.:185-9162 Tortor ,vel.mauris@at.com,341,18723.25,21531.7375
Hermione K. Gross,55-4078-5500,166-9965 Sollicitudin Avda.,orci@a.co.uk,827,6692.89,7696.8235
Caryn Q. Simon,55-9768-8701,Apdo.:557-1509 Semper C/,mauris.ipsum@nullaat.co.uk,533,9975.49,11471.8135
Quinlan Roman,55-0865-6564,"Apdo.:474-5508 Vel, ",nec@imperdietornareIn.ca,299,12529.7,14409.155
Uta Small,55-6263-1281,"Apartado núm.: 765, 3600 Vel C.",sit.amet.consectetuer@semperpretium.com,942,18554.78,21337.997
Emerald Y. Whitfield,55-0709-6196,2002 Integer C/,Duis@auctor.co.uk,383,16459.41,18928.3215
Joy Hester,55-8296-0947,"738-6397 Aliquet, Avenida",Ut.tincidunt@Seddictum.ca,743,19230.41,22114.9715
Kasper X. Gates,55-3685-6900,Apdo.:254-5276 Nec Av.,dui.in.sodales@nonluctus.org,233,19975.04,22971.296
Lisandra Fletcher,55-7171-5784,Apdo.:506-4295 Varius C/,ornare.lectus@pede.org,414,1610.46,1852.029
Patrick Q. Mcdaniel,55-1925-5320,"Apartado núm.: 942, 2824 Est Av.",lorem.ac@ultricies.ca,693,14875.62,17106.963
Ray T. Wells,55-9217-6903,"Apartado núm.: 709, 2824 Mi Carretera",aliquam.eu@necdiamDuis.ca,896,10350.71,11903.3165
Basia W. Benton,55-3125-7515,"Apartado núm.: 415, 2824 Nulla. ",sit.amet@urnaconvallis.org,448,1128.5,1297.775
Yuri T. Guy,55-2995-4792,683-7546 Nunc Calle,mi.eleifend@euismodurnaNullam.net,586,6852.15,7879.9725
Walker D. Duke,55-5163-7627,924-1691 Proin Av.,dui@amet.org,572,7339.11,8439.9765
Drew Schneider,55-3184-9778,"Apdo.:212-258 Vel, C.",feugiat.Sed.nec@imperdietnecleo.edu,527,19179.55,22056.4825
Reece A. Justice,55-5065-8562,501-6920 Vivamus C.,augue.eu@magna.com,393,3051.83,3509.6045
Brendan Snider,55-1057-0913,502-5647 Donec Calle,tempor.diam.dictum@Phasellus.net,608,11691.45,13445.1675
Kieran D. Obrien,55-0047-3832,2323 Pede. ,pede@eratnonummy.org,302,2265.23,2605.0145
Flynn Downs,55-7174-3039,"Apdo.:515-7482 Lorem, ",ligula.Aliquam.erat@etpede.com,619,14260.41,16399.4715
Josiah R. Pugh,55-1582-3946,"4215 Sed, Carretera",in.faucibus.orci@suscipit.ca,623,14863.02,17092.473
Autumn D. Douglas,55-8543-9741,"Apartado núm.: 772, 5508 Elit. Avenida",Proin@miDuisrisus.co.uk,337,1539.25,1770.1375
Sage L. Doyle,55-4992-5153,Apdo.:162-4756 Maecenas Carretera,ornare@sempertellus.co.uk,326,11384.26,13091.899
Randall Copeland,55-9234-7762,268-2394 Consequat Calle,Vivamus.non@Vestibulumante.com,118,12223.12,14056.588
Palmer Huffman,55-3877-7808,"Apartado núm.: 668, 6363 Nonummy Carretera",metus.Vivamus@malesuadavel.edu,233,3421.62,3934.863
Troy Y. Cote,55-8695-1662,Apdo.:131-9838 Euismod Calle,ligula.eu.enim@duiaugueeu.edu,187,2198.52,2528.298
Macaulay H. Parrish,55-6158-1527,573-2954 Quis Calle,Donec@orciluctuset.net,197,5377.44,6184.056
Cruz Mccarty,55-5475-4839,"8944 Placerat, Ctra.",gravida.Praesent@velit.edu,683,11724.17,13482.7955
Neville Green,55-9535-6788,813-6557 Pellentesque C.,lorem.sit.amet@magna.ca,815,15860.62,18239.713
Myles P. Wright,55-4343-2063,Apdo.:830-8087 Libero C/,amet.metus@Nuncpulvinararcu.net,321,10993.47,12642.4905
Odessa H. Powell,55-9941-9448,381-6571 Egestas Ctra.,vitae.erat@Integerin.ca,883,10416.42,11978.883
Rina T. Stewart,55-2911-8603,"Apartado núm.: 308, 5759 Suspendisse Av.",ante.Maecenas@non.edu,785,18895.57,21729.9055
Abel Stout,55-5295-2816,376-8376 Gravida C.,Proin.vel.nisl@Pellentesquehabitant.edu,415,17282.47,19874.8405
Maggy W. Sellers,55-3409-3330,Apdo.:568-568 Vel C.,ligula@erategetipsum.edu,422,19691.76,22645.524
Calvin Hurley,55-4784-7657,"Apartado núm.: 278, 9718 Consectetuer Ctra.",Nunc@lectusjusto.org,586,11836.9,13612.435
Lucian Gutierrez,55-8562-9968,"Apdo.:170-1185 Quam, Carretera",Nullam.nisl.Maecenas@est.ca,259,7178.47,8255.2405
Brielle Mccoy,55-2475-8968,mi@nascetur.net,purus.in@ultricesVivamus.net,735,7168.72,8244.028
Scarlet Heath,55-0815-3781,155-7738 Aliquam Calle,mi@ligulaelit.co.uk,982,11808.02,13579.223
Jared Arnold,55-7236-6785,Apdo.:689-6006 Amet C/,tincidunt.adipiscing@euarcuMorbi.com,353,16894.91,19429.1465
Kaye S. Buckner,55-0047-4053,9953 Turpis Carretera,dignissim.pharetra@imperdietnon.org,494,12052.59,13860.4785
September Browning,55-2676-9163,"751-6668 Semper, Av.",Nullam@Nam.co.uk,947,16722.74,19231.151
Mira R. Barnett,55-1346-2689,4097 Nam C/,Lorem@quislectus.co.uk,662,16986.55,19534.5325
Igor T. Carver,55-6189-3385,"Apartado núm.: 951, 3476 Duis Ctra.",lobortis@ipsumsodalespurus.ca,521,8096.34,9310.791
Vanna Spears,55-9736-2044,"852-9430 Vitae, Avenida",malesuada.malesuada@primisin.ca,741,19818.26,22790.999
Mufutau M. Kaufman,55-1514-7383,311-3917 Donec Calle,sit.amet.dapibus@Nulla.co.uk,869,17053.32,19611.318
Kato Tanner,55-2417-0722,7556 Diam. Calle,interdum.Sed.auctor@eratvolutpat.co.uk,324,9510.66,10937.259
Indigo Hamilton,55-2765-3888,"Apartado núm.: 792, 7519 Tellus C.",gravida@intempus.ca,261,14850.19,17077.7185
Natalie U. Weber,55-7335-5116,"Apartado núm.: 210, 4331 Quis, C/",nascetur@euultricessit.ca,769,6698.66,7703.459
Josiah R. Pugh,55-8794-3021,Apdo.:408-6544 Arcu Calle,nibh@eratnonummyultricies.ca,634,6457.4,7426.01
Sydnee Black,55-4318-0767,"Apartado núm.: 212, 8375 Dui. Calle",elit.Nulla.facilisi@odiosagittis.net,487,2839.13,3264.9995
Meghan Cox,55-7712-8700,Apdo.:500-7084 Commodo Calle,Morbi.quis.urna@aarcu.co.uk,93,8047.04,9254.096
